Frame,Processing time
1,0.0323663
2,0.0325748
3,0.0328462
4,0.0331249
5,0.0334081
6,0.033409
7,0.0334101
8,0.0336807
9,0.033681
10,0.0336822
11,0.0337003
12,0.0338639
13,0.0338761
14,0.033894
15,0.0339075
16,0.033939
17,0.0340156
18,0.034105
19,0.0341071
20,0.0341761
21,0.0342249
22,0.0343533
23,0.0343621
24,0.03438
25,0.0343819
26,0.0343836
27,0.0344892
28,0.0345202
29,0.0345306
30,0.0346403
31,0.0346671
32,0.0346734
33,0.0348582
34,0.034899
35,0.034901
36,0.0349543
37,0.0349861
38,0.0349924
39,0.0350294
40,0.0350896
41,0.0351526
42,0.0351618
43,0.0351784
44,0.0351801
45,0.0352345
46,0.0353623
47,0.0353696
48,0.0353706
49,0.0354019
50,0.0354135
51,0.0354288
52,0.0355711
53,0.0355765
54,0.0355913
55,0.0356214
56,0.0356991
57,0.0357181
58,0.0357213
59,0.0358071
60,0.0358302
61,0.0358657
62,0.0358681
63,0.0359673
64,0.0359708
65,0.0359745
66,0.0359754
67,0.0359764
68,0.0360154
69,0.0360318
70,0.0361479
71,0.0361676
72,0.0361706
73,0.0361806
74,0.0361922
75,0.0362392
76,0.0362396
77,0.0362433
78,0.0362676
79,0.0362891
80,0.0362958
81,0.0363502
82,0.0363567
83,0.0363715
84,0.036383
85,0.036403
86,0.0364357
87,0.036453
88,0.0364688
89,0.0365088
90,0.0365609
91,0.0365647
92,0.0365793
93,0.0366179
94,0.0366192
95,0.0366267
96,0.036642
97,0.0366529
98,0.0366543
99,0.0366585
100,0.036661
101,0.0366799
102,0.0367357
103,0.0367575
104,0.0367685
105,0.0367844
106,0.0368307
107,0.0368977
108,0.0369284
109,0.036929
110,0.036939
111,0.0369635
112,0.0369641
113,0.0369696
114,0.0369729
115,0.0370021
116,0.0370666
117,0.0370689
118,0.0371002
119,0.0371072
120,0.0371258
121,0.0371268
122,0.0371483
123,0.037169
124,0.0371802
125,0.0371806
126,0.0371872
127,0.0372101
128,0.0372171
129,0.0372187
130,0.0372267
131,0.0372315
132,0.0372366
133,0.0372439
134,0.0372497
135,0.0372588
136,0.0372716
137,0.0372786
138,0.0372873
139,0.0372997
140,0.0373123
141,0.0373198
142,0.0373219
143,0.0373254
144,0.0373422
145,0.0373566
146,0.0373595
147,0.0373652
148,0.0373666
149,0.0373704
150,0.0373837
151,0.037384
152,0.037395
153,0.0374063
154,0.0374198
155,0.0374279
156,0.037433
157,0.0375053
158,0.0375071
159,0.0375259
160,0.0375281
161,0.0375405
162,0.037542
163,0.0375699
164,0.0375769
165,0.0375865
166,0.0375898
167,0.0375951
168,0.0376364
169,0.0376538
170,0.0376538
171,0.0376693
172,0.0376833
173,0.0376895
174,0.0376937
175,0.0377115
176,0.0377159
177,0.0377174
178,0.0377524
179,0.0377647
180,0.0377818
181,0.0377862
182,0.0378038
183,0.0378252
184,0.0378381
185,0.0378409
186,0.0378523
187,0.0378611
188,0.0378811
189,0.0378887
190,0.0378892
191,0.037903
192,0.0379241
193,0.0379467
194,0.0379707
195,0.037984
196,0.0379944
197,0.0380008
198,0.0380019
199,0.0380058
200,0.0380142
201,0.0380224
202,0.0380286
203,0.0380446
204,0.0380488
205,0.0380555
206,0.0380811
207,0.038098
208,0.0381088
209,0.038111
210,0.0381249
211,0.0381272
212,0.0381293
213,0.038133
214,0.0381692
215,0.0381751
216,0.0381753
217,0.0381834
218,0.0381919
219,0.0382005
220,0.038236
221,0.0382379
222,0.0382388
223,0.0382496
224,0.038251
225,0.0382557
226,0.0382641
227,0.0382662
228,0.0382693
229,0.0382695
230,0.0382819
231,0.0382911
232,0.0382968
233,0.038303
234,0.0383092
235,0.038312
236,0.038315
237,0.0383233
238,0.0383307
239,0.0383447
240,0.0383587
241,0.0383636
242,0.0383658
243,0.0383661
244,0.0383732
245,0.0383746
246,0.0383887
247,0.0383998
248,0.0384121
249,0.0384166
250,0.0384267
251,0.0384275
252,0.0384302
253,0.0384493
254,0.0384496
255,0.0384649
256,0.0384653
257,0.0384744
258,0.0384881
259,0.0384994
260,0.0385073
261,0.0385195
262,0.0385268
263,0.0385346
264,0.0385489
265,0.038551
266,0.0385556
267,0.0385596
268,0.0385773
269,0.0385889
270,0.0386
271,0.0386015
272,0.0386041
273,0.0386056
274,0.038618
275,0.0386397
276,0.038644
277,0.038644
278,0.0386635
279,0.0386715
280,0.0386715
281,0.0386753
282,0.038676
283,0.038682
284,0.0386847
285,0.038712
286,0.0387269
287,0.0387283
288,0.0387294
289,0.0387315
290,0.0387372
291,0.0387449
292,0.0387488
293,0.0387505
294,0.0387518
295,0.0387551
296,0.0387582
297,0.0387594
298,0.0387602
299,0.0387648
300,0.0387948
301,0.0388021
302,0.0388115
303,0.0388124
304,0.0388183
305,0.0388231
306,0.038838
307,0.0388452
308,0.038854
309,0.0388608
310,0.0388844
311,0.0388852
312,0.0388959
313,0.0389005
314,0.0389012
315,0.0389023
316,0.0389068
317,0.0389074
318,0.0389174
319,0.0389229
320,0.0389237
321,0.0389287
322,0.0389321
323,0.038933
324,0.038935
325,0.0389382
326,0.0389443
327,0.0389454
328,0.0389508
329,0.0389557
330,0.0389631
331,0.0389688
332,0.0389702
333,0.0389846
334,0.0389847
335,0.0389914
336,0.039002
337,0.0390025
338,0.0390088
339,0.0390157
340,0.0390165
341,0.0390175
342,0.0390346
343,0.0390489
344,0.0390521
345,0.0390529
346,0.0390534
347,0.0390621
348,0.0390671
349,0.0390816
350,0.039086
351,0.0390866
352,0.0390875
353,0.0391024
354,0.0391032
355,0.039106
356,0.0391111
357,0.0391137
358,0.0391262
359,0.0391281
360,0.0391327
361,0.039134
362,0.0391366
363,0.0391413
364,0.0391418
365,0.0391457
366,0.0391487
367,0.0391533
368,0.0391569
369,0.0391573
370,0.0391608
371,0.0391647
372,0.0391761
373,0.0391776
374,0.0391904
375,0.0391975
376,0.0392063
377,0.0392206
378,0.0392242
379,0.0392279
380,0.0392298
381,0.0392325
382,0.0392341
383,0.0392354
384,0.0392367
385,0.0392435
386,0.0392465
387,0.039249
388,0.0392569
389,0.0392574
390,0.0392609
391,0.0392661
392,0.039272
393,0.0393024
394,0.0393182
395,0.0393191
396,0.0393265
397,0.039328
398,0.0393532
399,0.0393625
400,0.0393625
401,0.0393636
402,0.039367
403,0.0393678
404,0.0393774
405,0.0393924
406,0.0393977
407,0.0394099
408,0.0394115
409,0.0394129
410,0.0394152
411,0.0394179
412,0.039424
413,0.039429
414,0.0394356
415,0.0394357
416,0.039466
417,0.0394668
418,0.0394712
419,0.0394746
420,0.0394855
421,0.0394908
422,0.0394996
423,0.0395096
424,0.0395185
425,0.0395212
426,0.0395248
427,0.0395287
428,0.0395427
429,0.0395578
430,0.0395586
431,0.0395659
432,0.039569
433,0.0395779
434,0.0395787
435,0.0395811
436,0.0395826
437,0.0395851
438,0.039597
439,0.0396035
440,0.039604
441,0.0396043
442,0.0396139
443,0.0396208
444,0.0396283
445,0.0396295
446,0.0396387
447,0.0396406
448,0.0396411
449,0.0396486
450,0.0396552
451,0.0396686
452,0.0396719
453,0.0396724
454,0.0396754
455,0.0396832
456,0.039687
457,0.0396979
458,0.0397031
459,0.0397033
460,0.0397078
461,0.0397294
462,0.0397315
463,0.0397316
464,0.0397328
465,0.0397331
466,0.0397379
467,0.0397384
468,0.0397459
469,0.0397529
470,0.0397563
471,0.0397676
472,0.0397684
473,0.0397694
474,0.0397714
475,0.0397747
476,0.0397759
477,0.0397847
478,0.0397884
479,0.0397928
480,0.0398
481,0.0398026
482,0.0398166
483,0.0398316
484,0.0398336
485,0.0398373
486,0.0398401
487,0.0398491
488,0.039851
489,0.0398614
490,0.0398615
491,0.0398624
492,0.0398628
493,0.039869
494,0.0398704
495,0.0398732
496,0.0398737
497,0.0398742
498,0.0398793
499,0.0398825
500,0.0398885
501,0.0398934
502,0.0398938
503,0.0399062
504,0.0399087
505,0.0399096
506,0.039911
507,0.0399203
508,0.0399204
509,0.0399208
510,0.0399252
511,0.0399275
512,0.0399346
513,0.0399349
514,0.0399409
515,0.039945
516,0.0399511
517,0.0399513
518,0.0399548
519,0.0399552
520,0.0399646
521,0.0399745
522,0.0399762
523,0.0399773
524,0.0399774
525,0.0399791
526,0.0399905
527,0.0399942
528,0.0399964
529,0.0400073
530,0.0400123
531,0.0400136
532,0.0400222
533,0.040023
534,0.0400297
535,0.040031
536,0.0400385
537,0.0400419
538,0.0400464
539,0.0400468
540,0.0400613
541,0.0400623
542,0.0400665
543,0.040067
544,0.040069
545,0.0400719
546,0.0400721
547,0.0400789
548,0.0400846
549,0.0400881
550,0.0400934
551,0.0400939
552,0.0400982
553,0.0401001
554,0.0401015
555,0.0401193
556,0.0401298
557,0.0401313
558,0.0401466
559,0.0401547
560,0.040163
561,0.040167
562,0.040175
563,0.0401753
564,0.0401755
565,0.040177
566,0.0401785
567,0.0401787
568,0.040191
569,0.0401931
570,0.0401934
571,0.0402029
572,0.0402035
573,0.040204
574,0.0402064
575,0.0402099
576,0.040212
577,0.0402191
578,0.0402224
579,0.0402294
580,0.040234
581,0.0402347
582,0.040235
583,0.0402462
584,0.0402493
585,0.040253
586,0.0402585
587,0.0402677
588,0.0402681
589,0.0402696
590,0.0402788
591,0.0402852
592,0.0402894
593,0.0402919
594,0.0402961
595,0.040299
596,0.0402995
597,0.0403007
598,0.0403042
599,0.0403117
600,0.0403197
601,0.040322
602,0.0403228
603,0.0403264
604,0.0403285
605,0.0403286
606,0.0403324
607,0.0403378
608,0.0403442
609,0.0403575
610,0.0403584
611,0.0403612
612,0.0403742
613,0.040377
614,0.0403804
615,0.0403822
616,0.0403907
617,0.0403976
618,0.0403988
619,0.040404
620,0.0404054
621,0.0404174
622,0.0404233
623,0.0404254
624,0.0404467
625,0.0404488
626,0.0404507
627,0.040453
628,0.0404612
629,0.0404646
630,0.0404709
631,0.0404714
632,0.0404837
633,0.0404844
634,0.0404913
635,0.0404945
636,0.0404975
637,0.0404986
638,0.0405052
639,0.0405054
640,0.0405109
641,0.0405109
642,0.04052
643,0.0405305
644,0.0405352
645,0.0405371
646,0.0405371
647,0.0405441
648,0.0405453
649,0.0405517
650,0.0405552
651,0.040562
652,0.0405652
653,0.0405673
654,0.0405684
655,0.0405694
656,0.04057
657,0.0405725
658,0.0405732
659,0.040578
660,0.0405853
661,0.0405856
662,0.0405934
663,0.0405941
664,0.0406007
665,0.0406021
666,0.0406022
667,0.0406088
668,0.040616
669,0.0406179
670,0.0406252
671,0.0406333
672,0.0406344
673,0.0406373
674,0.0406394
675,0.0406431
676,0.0406435
677,0.0406442
678,0.0406491
679,0.0406607
680,0.0406638
681,0.040667
682,0.040677
683,0.0406838
684,0.0406872
685,0.0406928
686,0.0407006
687,0.0407063
688,0.0407165
689,0.0407207
690,0.0407209
691,0.0407364
692,0.0407402
693,0.0407406
694,0.040748
695,0.0407594
696,0.0407669
697,0.0407753
698,0.0407878
699,0.0407951
700,0.0407955
701,0.0407977
702,0.0408031
703,0.0408051
704,0.0408063
705,0.0408078
706,0.0408097
707,0.0408098
708,0.0408147
709,0.0408176
710,0.0408196
711,0.040823
712,0.0408243
713,0.0408284
714,0.0408355
715,0.0408404
716,0.0408435
717,0.040846
718,0.0408512
719,0.0408518
720,0.0408523
721,0.0408558
722,0.0408617
723,0.0408649
724,0.0408721
725,0.0408784
726,0.0408817
727,0.0408864
728,0.0408865
729,0.0408941
730,0.0408953
731,0.04091
732,0.0409106
733,0.0409177
734,0.0409257
735,0.0409281
736,0.0409334
737,0.0409354
738,0.0409379
739,0.040938
740,0.0409391
741,0.040947
742,0.0409633
743,0.0409668
744,0.0409725
745,0.0409775
746,0.0409791
747,0.0409845
748,0.0409862
749,0.040996
750,0.0409961
751,0.0409964
752,0.0409984
753,0.0409985
754,0.0410042
755,0.0410071
756,0.0410083
757,0.0410252
758,0.0410257
759,0.0410331
760,0.0410353
761,0.0410374
762,0.0410383
763,0.0410415
764,0.0410483
765,0.0410541
766,0.0410608
767,0.0410639
768,0.0410729
769,0.0410921
770,0.0410952
771,0.041106
772,0.0411076
773,0.0411208
774,0.0411272
775,0.041129
776,0.0411362
777,0.0411429
778,0.0411447
779,0.0411453
780,0.0411466
781,0.0411477
782,0.0411482
783,0.0411501
784,0.0411501
785,0.0411523
786,0.0411525
787,0.0411549
788,0.0411571
789,0.041162
790,0.0411666
791,0.0411787
792,0.0411872
793,0.0411975
794,0.0411982
795,0.0411996
796,0.0412018
797,0.0412043
798,0.0412087
799,0.0412104
800,0.0412119
801,0.0412125
802,0.041213
803,0.0412265
804,0.0412324
805,0.0412329
806,0.041242
807,0.041249
808,0.0412499
809,0.0412572
810,0.0412598
811,0.0412619
812,0.0412685
813,0.0412719
814,0.0412749
815,0.0412767
816,0.0412832
817,0.041288
818,0.0412908
819,0.0412927
820,0.041293
821,0.0413075
822,0.0413083
823,0.0413132
824,0.041315
825,0.0413181
826,0.0413213
827,0.0413233
828,0.0413239
829,0.0413243
830,0.0413273
831,0.0413285
832,0.0413447
833,0.041349
834,0.0413497
835,0.0413507
836,0.0413517
837,0.0413541
838,0.0413613
839,0.0413647
840,0.0413698
841,0.0413698
842,0.0413728
843,0.041376
844,0.041383
845,0.0413835
846,0.0413887
847,0.041389
848,0.0413901
849,0.0413908
850,0.0413918
851,0.0413927
852,0.0414024
853,0.0414034
854,0.0414036
855,0.041405
856,0.0414062
857,0.0414072
858,0.0414127
859,0.0414146
860,0.0414162
861,0.0414174
862,0.0414176
863,0.0414207
864,0.0414246
865,0.0414263
866,0.0414319
867,0.0414321
868,0.0414338
869,0.0414358
870,0.0414504
871,0.0414566
872,0.0414571
873,0.0414602
874,0.0414615
875,0.0414626
876,0.0414681
877,0.0414701
878,0.0414716
879,0.0414721
880,0.0414797
881,0.0414839
882,0.0414852
883,0.0414894
884,0.0414927
885,0.0414967
886,0.0414982
887,0.0415041
888,0.0415046
889,0.0415103
890,0.0415116
891,0.041519
892,0.0415209
893,0.0415217
894,0.0415267
895,0.0415276
896,0.0415284
897,0.0415312
898,0.0415391
899,0.0415566
900,0.0415595
901,0.0415629
902,0.0415638
903,0.0415717
904,0.0415739
905,0.0415797
906,0.0415805
907,0.0415814
908,0.0415842
909,0.0415881
910,0.0415881
911,0.0415897
912,0.0415938
913,0.0415994
914,0.0415997
915,0.0416025
916,0.0416029
917,0.0416137
918,0.0416157
919,0.0416214
920,0.0416223
921,0.041624
922,0.0416241
923,0.0416274
924,0.0416334
925,0.0416362
926,0.0416398
927,0.0416549
928,0.0416573
929,0.0416636
930,0.0416661
931,0.0416669
932,0.0416724
933,0.0416763
934,0.0416782
935,0.0416887
936,0.0416896
937,0.0416913
938,0.0416933
939,0.0417014
940,0.0417023
941,0.0417049
942,0.041715
943,0.0417184
944,0.0417194
945,0.0417197
946,0.0417257
947,0.0417457
948,0.0417548
949,0.0417557
950,0.0417574
951,0.0417648
952,0.0417689
953,0.0417693
954,0.0417804
955,0.0417907
956,0.0417941
957,0.0417942
958,0.0417952
959,0.0417966
960,0.0417977
961,0.041798
962,0.0417989
963,0.0418023
964,0.0418044
965,0.0418055
966,0.0418071
967,0.0418145
968,0.0418234
969,0.0418281
970,0.0418305
971,0.0418368
972,0.0418371
973,0.0418414
974,0.0418428
975,0.0418495
976,0.0418542
977,0.0418583
978,0.0418593
979,0.041861
980,0.0418616
981,0.0418623
982,0.0418717
983,0.0418722
984,0.0418746
985,0.0418764
986,0.0418792
987,0.0418809
988,0.0418834
989,0.0418891
990,0.0418902
991,0.0418904
992,0.0418998
993,0.0419007
994,0.0419028
995,0.0419077
996,0.0419102
997,0.0419149
998,0.0419195
999,0.0419203
1000,0.0419213
1001,0.0419308
1002,0.0419311
1003,0.0419334
1004,0.0419341
1005,0.0419377
1006,0.0419408
1007,0.0419437
1008,0.0419488
1009,0.0419519
1010,0.0419613
1011,0.0419654
1012,0.0419661
1013,0.0419697
1014,0.0419728
1015,0.0419741
1016,0.0419758
1017,0.0419791
1018,0.0419793
1019,0.041998
1020,0.0420002
1021,0.0420058
1022,0.0420138
1023,0.0420188
1024,0.0420258
1025,0.0420342
1026,0.0420376
1027,0.0420444
1028,0.042047
1029,0.042052
1030,0.0420571
1031,0.0420601
1032,0.0420613
1033,0.0420615
1034,0.0420626
1035,0.0420635
1036,0.0420865
1037,0.0420909
1038,0.0420952
1039,0.0421002
1040,0.0421009
1041,0.0421063
1042,0.0421067
1043,0.0421114
1044,0.0421115
1045,0.0421117
1046,0.0421124
1047,0.0421143
1048,0.0421175
1049,0.0421183
1050,0.0421185
1051,0.0421242
1052,0.0421312
1053,0.0421343
1054,0.0421354
1055,0.0421398
1056,0.0421404
1057,0.0421405
1058,0.0421454
1059,0.0421465
1060,0.0421475
1061,0.0421489
1062,0.0421554
1063,0.0421573
1064,0.0421701
1065,0.0421707
1066,0.0421768
1067,0.0421815
1068,0.0421818
1069,0.042183
1070,0.0421838
1071,0.0421856
1072,0.0421866
1073,0.0421919
1074,0.0421938
1075,0.0421941
1076,0.0421957
1077,0.0422043
1078,0.0422094
1079,0.0422148
1080,0.0422252
1081,0.0422294
1082,0.0422304
1083,0.0422306
1084,0.0422371
1085,0.0422435
1086,0.0422453
1087,0.0422497
1088,0.0422516
1089,0.0422521
1090,0.0422536
1091,0.042255
1092,0.0422552
1093,0.0422584
1094,0.0422598
1095,0.0422679
1096,0.04227
1097,0.0422759
1098,0.0422781
1099,0.0422783
1100,0.0422865
1101,0.0422878
1102,0.0422927
1103,0.0423031
1104,0.0423131
1105,0.0423138
1106,0.0423291
1107,0.0423313
1108,0.0423329
1109,0.0423436
1110,0.0423472
1111,0.0423488
1112,0.0423518
1113,0.0423541
1114,0.0423562
1115,0.0423563
1116,0.0423565
1117,0.0423603
1118,0.0423604
1119,0.0423738
1120,0.042374
1121,0.0423779
1122,0.042378
1123,0.0423796
1124,0.0423847
1125,0.0423857
1126,0.0423879
1127,0.0423922
1128,0.0423931
1129,0.0423932
1130,0.0423944
1131,0.0423989
1132,0.0424091
1133,0.0424146
1134,0.0424184
1135,0.0424219
1136,0.0424321
1137,0.0424369
1138,0.0424378
1139,0.0424378
1140,0.042441
1141,0.0424516
1142,0.0424595
1143,0.0424611
1144,0.0424633
1145,0.0424677
1146,0.0424707
1147,0.0424752
1148,0.0424764
1149,0.0424877
1150,0.0424881
1151,0.0424935
1152,0.0424957
1153,0.0425016
1154,0.0425057
1155,0.0425068
1156,0.0425076
1157,0.0425131
1158,0.0425144
1159,0.0425172
1160,0.0425172
1161,0.042519
1162,0.0425191
1163,0.0425192
1164,0.0425227
1165,0.0425254
1166,0.0425258
1167,0.042529
1168,0.0425298
1169,0.0425352
1170,0.0425393
1171,0.0425411
1172,0.0425438
1173,0.0425438
1174,0.0425449
1175,0.0425535
1176,0.0425548
1177,0.0425581
1178,0.0425629
1179,0.0425726
1180,0.0425728
1181,0.0425734
1182,0.042577
1183,0.0425815
1184,0.0425858
1185,0.0425868
1186,0.0425939
1187,0.0426053
1188,0.0426067
1189,0.0426102
1190,0.0426108
1191,0.0426117
1192,0.0426144
1193,0.0426211
1194,0.0426238
1195,0.0426268
1196,0.0426417
1197,0.0426439
1198,0.0426449
1199,0.042649
1200,0.0426492
1201,0.04265
1202,0.042651
1203,0.0426541
1204,0.0426555
1205,0.0426577
1206,0.0426612
1207,0.0426624
1208,0.042667
1209,0.0426702
1210,0.042671
1211,0.0426743
1212,0.0426831
1213,0.0426857
1214,0.0426886
1215,0.0426907
1216,0.0426948
1217,0.0426966
1218,0.0427027
1219,0.0427039
1220,0.0427134
1221,0.0427134
1222,0.0427197
1223,0.0427218
1224,0.0427235
1225,0.0427266
1226,0.0427282
1227,0.0427375
1228,0.0427384
1229,0.0427392
1230,0.042742
1231,0.0427438
1232,0.0427513
1233,0.0427607
1234,0.042772
1235,0.042775
1236,0.0427753
1237,0.0427823
1238,0.0427853
1239,0.0427872
1240,0.0427882
1241,0.0427927
1242,0.0427976
1243,0.0428014
1244,0.0428019
1245,0.0428145
1246,0.0428146
1247,0.0428226
1248,0.0428303
1249,0.0428323
1250,0.0428375
1251,0.0428387
1252,0.0428401
1253,0.0428488
1254,0.0428494
1255,0.0428498
1256,0.0428513
1257,0.0428556
1258,0.0428569
1259,0.0428594
1260,0.0428595
1261,0.0428615
1262,0.0428646
1263,0.0428656
1264,0.0428669
1265,0.0428678
1266,0.0428702
1267,0.0428735
1268,0.0428769
1269,0.042879
1270,0.0428884
1271,0.0428952
1272,0.0428969
1273,0.0429006
1274,0.0429022
1275,0.0429069
1276,0.0429129
1277,0.0429137
1278,0.0429145
1279,0.0429209
1280,0.042926
1281,0.0429319
1282,0.0429332
1283,0.0429368
1284,0.0429385
1285,0.0429391
1286,0.0429497
1287,0.0429628
1288,0.0429649
1289,0.0429676
1290,0.0429685
1291,0.042969
1292,0.0429699
1293,0.0429804
1294,0.0429815
1295,0.0429835
1296,0.0429865
1297,0.0429881
1298,0.0429935
1299,0.0429968
1300,0.0430065
1301,0.0430105
1302,0.0430141
1303,0.0430195
1304,0.0430223
1305,0.0430281
1306,0.0430365
1307,0.0430397
1308,0.0430456
1309,0.0430472
1310,0.0430475
1311,0.0430547
1312,0.0430553
1313,0.0430606
1314,0.0430627
1315,0.0430719
1316,0.0430723
1317,0.0430737
1318,0.0430738
1319,0.0430773
1320,0.0430878
1321,0.0430885
1322,0.0430902
1323,0.0430968
1324,0.043103
1325,0.0431052
1326,0.0431095
1327,0.0431145
1328,0.0431279
1329,0.0431312
1330,0.0431312
1331,0.0431343
1332,0.0431345
1333,0.0431355
1334,0.0431364
1335,0.043151
1336,0.0431518
1337,0.0431521
1338,0.0431533
1339,0.0431535
1340,0.0431551
1341,0.0431566
1342,0.0431637
1343,0.0431658
1344,0.0431729
1345,0.0431769
1346,0.0431783
1347,0.0431794
1348,0.0431841
1349,0.0431967
1350,0.043198
1351,0.0432015
1352,0.0432065
1353,0.0432208
1354,0.0432228
1355,0.0432278
1356,0.043228
1357,0.0432304
1358,0.0432545
1359,0.043255
1360,0.0432622
1361,0.0432629
1362,0.0432645
1363,0.043273
1364,0.04328
1365,0.0432848
1366,0.0432854
1367,0.0432874
1368,0.0432907
1369,0.0432908
1370,0.0432927
1371,0.043294
1372,0.0433075
1373,0.0433075
1374,0.0433096
1375,0.0433105
1376,0.0433155
1377,0.0433158
1378,0.0433191
1379,0.0433196
1380,0.0433219
1381,0.0433233
1382,0.0433243
1383,0.0433325
1384,0.0433327
1385,0.0433339
1386,0.0433351
1387,0.0433426
1388,0.0433427
1389,0.0433432
1390,0.043348
1391,0.0433575
1392,0.0433577
1393,0.0433595
1394,0.0433606
1395,0.043361
1396,0.0433716
1397,0.0433719
1398,0.0433788
1399,0.0433791
1400,0.0433793
1401,0.0433796
1402,0.0433941
1403,0.0433945
1404,0.0433945
1405,0.0433954
1406,0.0434015
1407,0.0434075
1408,0.0434078
1409,0.0434104
1410,0.0434108
1411,0.0434119
1412,0.0434144
1413,0.0434206
1414,0.0434207
1415,0.0434225
1416,0.043423
1417,0.0434249
1418,0.0434275
1419,0.0434684
1420,0.0434805
1421,0.0434817
1422,0.0434834
1423,0.0435033
1424,0.0435092
1425,0.0435112
1426,0.0435171
1427,0.0435198
1428,0.0435209
1429,0.0435234
1430,0.043529
1431,0.0435354
1432,0.0435431
1433,0.0435596
1434,0.0435598
1435,0.0435649
1436,0.0435666
1437,0.0435683
1438,0.0435778
1439,0.0435789
1440,0.0435792
1441,0.0435805
1442,0.043583
1443,0.0435854
1444,0.0435868
1445,0.0435892
1446,0.0435901
1447,0.0435941
1448,0.0436034
1449,0.043605
1450,0.0436112
1451,0.0436139
1452,0.0436143
1453,0.0436296
1454,0.0436318
1455,0.0436372
1456,0.0436393
1457,0.0436404
1458,0.0436426
1459,0.0436461
1460,0.0436485
1461,0.0436607
1462,0.0436689
1463,0.0436695
1464,0.043671
1465,0.043671
1466,0.0436717
1467,0.043674
1468,0.0436808
1469,0.0436903
1470,0.0436912
1471,0.0436924
1472,0.0436952
1473,0.0436979
1474,0.0436986
1475,0.0436987
1476,0.0436988
1477,0.0437056
1478,0.0437205
1479,0.0437207
1480,0.0437214
1481,0.0437228
1482,0.0437236
1483,0.0437251
1484,0.0437306
1485,0.0437349
1486,0.0437357
1487,0.0437452
1488,0.0437467
1489,0.0437491
1490,0.0437528
1491,0.0437547
1492,0.0437552
1493,0.0437602
1494,0.043763
1495,0.0437631
1496,0.0437655
1497,0.0437767
1498,0.0437793
1499,0.0437802
1500,0.0437817
1501,0.0437901
1502,0.0437905
1503,0.0437956
1504,0.0437965
1505,0.0438
1506,0.0438103
1507,0.0438128
1508,0.0438266
1509,0.0438287
1510,0.0438297
1511,0.043833
1512,0.0438337
1513,0.0438355
1514,0.0438374
1515,0.0438427
1516,0.0438572
1517,0.043862
1518,0.0438714
1519,0.0438758
1520,0.0438835
1521,0.0438839
1522,0.043893
1523,0.043898
1524,0.0439123
1525,0.0439138
1526,0.0439166
1527,0.0439194
1528,0.0439197
1529,0.0439222
1530,0.0439268
1531,0.0439316
1532,0.0439414
1533,0.0439431
1534,0.0439431
1535,0.0439451
1536,0.0439491
1537,0.0439653
1538,0.0439754
1539,0.043976
1540,0.0439774
1541,0.0439821
1542,0.043984
1543,0.0439852
1544,0.0439869
1545,0.0439947
1546,0.0439966
1547,0.043997
1548,0.0439974
1549,0.0440024
1550,0.0440063
1551,0.0440113
1552,0.0440141
1553,0.0440152
1554,0.0440284
1555,0.0440296
1556,0.0440301
1557,0.0440361
1558,0.0440374
1559,0.0440465
1560,0.0440508
1561,0.0440526
1562,0.0440532
1563,0.0440587
1564,0.0440648
1565,0.0440669
1566,0.0440721
1567,0.0440723
1568,0.0440735
1569,0.0440843
1570,0.0440863
1571,0.0440934
1572,0.0440944
1573,0.0440987
1574,0.0440998
1575,0.0440999
1576,0.0441201
1577,0.0441207
1578,0.0441284
1579,0.0441335
1580,0.044138
1581,0.0441386
1582,0.0441398
1583,0.0441428
1584,0.0441519
1585,0.0441597
1586,0.0441607
1587,0.0441618
1588,0.044162
1589,0.0441691
1590,0.0441805
1591,0.0441823
1592,0.0441846
1593,0.044187
1594,0.0441908
1595,0.0442016
1596,0.0442031
1597,0.0442115
1598,0.0442121
1599,0.044222
1600,0.0442268
1601,0.0442312
1602,0.0442332
1603,0.0442364
1604,0.0442369
1605,0.044237
1606,0.0442395
1607,0.0442405
1608,0.0442415
1609,0.0442429
1610,0.0442483
1611,0.0442527
1612,0.0442585
1613,0.0442653
1614,0.0442725
1615,0.04428
1616,0.0442826
1617,0.0442856
1618,0.0442885
1619,0.0443015
1620,0.0443099
1621,0.0443203
1622,0.0443228
1623,0.0443283
1624,0.0443321
1625,0.0443355
1626,0.0443366
1627,0.0443415
1628,0.0443467
1629,0.0443504
1630,0.0443585
1631,0.0443593
1632,0.0443597
1633,0.0443642
1634,0.0443667
1635,0.0443694
1636,0.0443699
1637,0.0443719
1638,0.0443743
1639,0.0443759
1640,0.0443797
1641,0.0443856
1642,0.0443947
1643,0.0443995
1644,0.0444015
1645,0.0444045
1646,0.044406
1647,0.0444061
1648,0.0444142
1649,0.0444298
1650,0.0444326
1651,0.0444339
1652,0.0444438
1653,0.0444543
1654,0.0444564
1655,0.0444596
1656,0.0444603
1657,0.0444654
1658,0.0444696
1659,0.0444786
1660,0.0444825
1661,0.0444874
1662,0.0445079
1663,0.0445153
1664,0.044516
1665,0.0445167
1666,0.0445219
1667,0.0445233
1668,0.0445262
1669,0.0445293
1670,0.0445342
1671,0.0445419
1672,0.0445471
1673,0.0445488
1674,0.0445571
1675,0.0445586
1676,0.0445679
1677,0.0445707
1678,0.0445764
1679,0.0445766
1680,0.0445864
1681,0.0445878
1682,0.0445887
1683,0.0445892
1684,0.0445898
1685,0.044603
1686,0.0446098
1687,0.0446147
1688,0.0446177
1689,0.044622
1690,0.0446232
1691,0.0446251
1692,0.0446276
1693,0.044635
1694,0.0446365
1695,0.0446525
1696,0.0446592
1697,0.0446648
1698,0.0446685
1699,0.0446714
1700,0.0446813
1701,0.0446832
1702,0.0446949
1703,0.0446993
1704,0.0447065
1705,0.0447078
1706,0.0447098
1707,0.0447116
1708,0.0447214
1709,0.0447218
1710,0.0447226
1711,0.0447389
1712,0.0447411
1713,0.0447417
1714,0.0447429
1715,0.0447493
1716,0.0447507
1717,0.0447578
1718,0.0447725
1719,0.0447773
1720,0.0447816
1721,0.0447878
1722,0.044794
1723,0.0448106
1724,0.0448127
1725,0.0448261
1726,0.0448327
1727,0.0448348
1728,0.0448397
1729,0.0448437
1730,0.0448576
1731,0.0448639
1732,0.0448751
1733,0.0448854
1734,0.0448917
1735,0.0448975
1736,0.0449052
1737,0.0449058
1738,0.0449071
1739,0.044911
1740,0.0449148
1741,0.0449163
1742,0.0449164
1743,0.0449177
1744,0.0449281
1745,0.0449288
1746,0.0449296
1747,0.044938
1748,0.0449399
1749,0.0449434
1750,0.0449474
1751,0.0449489
1752,0.0449499
1753,0.0449516
1754,0.044956
1755,0.0449567
1756,0.044968
1757,0.0449751
1758,0.0449787
1759,0.0449879
1760,0.0449884
1761,0.0449967
1762,0.044998
1763,0.0450062
1764,0.0450157
1765,0.0450223
1766,0.0450304
1767,0.0450375
1768,0.0450483
1769,0.0450554
1770,0.0450616
1771,0.0450669
1772,0.0450712
1773,0.0450797
1774,0.0450826
1775,0.0450854
1776,0.04509
1777,0.0450927
1778,0.045093
1779,0.0450951
1780,0.0450956
1781,0.0450985
1782,0.0451065
1783,0.0451077
1784,0.0451118
1785,0.0451175
1786,0.0451194
1787,0.0451208
1788,0.0451297
1789,0.0451357
1790,0.0451428
1791,0.0451438
1792,0.0451466
1793,0.0451512
1794,0.0451618
1795,0.045165
1796,0.0451674
1797,0.0451729
1798,0.0451742
1799,0.0451746
1800,0.0451838
1801,0.045189
1802,0.0451891
1803,0.0452103
1804,0.0452185
1805,0.0452323
1806,0.0452417
1807,0.045243
1808,0.0452464
1809,0.045248
1810,0.0452483
1811,0.0452489
1812,0.0452579
1813,0.0452627
1814,0.0452674
1815,0.0452675
1816,0.045279
1817,0.0452808
1818,0.0452817
1819,0.0452848
1820,0.0452852
1821,0.0452894
1822,0.0453189
1823,0.0453237
1824,0.0453256
1825,0.0453313
1826,0.0453343
1827,0.0453361
1828,0.0453367
1829,0.0453408
1830,0.0453441
1831,0.0453452
1832,0.0453457
1833,0.0453457
1834,0.0453505
1835,0.0453549
1836,0.0453566
1837,0.0453578
1838,0.0453625
1839,0.0453668
1840,0.0453707
1841,0.0453725
1842,0.0453781
1843,0.0453809
1844,0.0453834
1845,0.0453857
1846,0.0453928
1847,0.0454009
1848,0.0454023
1849,0.0454067
1850,0.0454073
1851,0.0454074
1852,0.0454103
1853,0.0454113
1854,0.0454161
1855,0.0454175
1856,0.0454277
1857,0.0454325
1858,0.0454371
1859,0.0454615
1860,0.0454653
1861,0.045473
1862,0.045474
1863,0.0454747
1864,0.0454782
1865,0.0454843
1866,0.0455045
1867,0.045505
1868,0.0455129
1869,0.0455209
1870,0.0455259
1871,0.0455262
1872,0.0455278
1873,0.0455317
1874,0.045535
1875,0.0455386
1876,0.0455411
1877,0.0455429
1878,0.0455434
1879,0.0455468
1880,0.0455562
1881,0.0455627
1882,0.0455661
1883,0.0455698
1884,0.0455751
1885,0.0455797
1886,0.0456045
1887,0.0456099
1888,0.0456256
1889,0.0456305
1890,0.0456405
1891,0.0456409
1892,0.0456571
1893,0.0456624
1894,0.0456658
1895,0.0456678
1896,0.0456686
1897,0.0456698
1898,0.0456775
1899,0.0456818
1900,0.0456924
1901,0.0456995
1902,0.0457041
1903,0.0457054
1904,0.045711
1905,0.0457116
1906,0.0457118
1907,0.0457123
1908,0.0457224
1909,0.0457288
1910,0.0457306
1911,0.0457588
1912,0.0457635
1913,0.0457798
1914,0.0457866
1915,0.0457913
1916,0.0457927
1917,0.0458033
1918,0.0458115
1919,0.0458282
1920,0.0458396
1921,0.0458422
1922,0.0458424
1923,0.0458484
1924,0.0458547
1925,0.0458646
1926,0.045866
1927,0.0458711
1928,0.0458711
1929,0.0458793
1930,0.0458918
1931,0.0458981
1932,0.0459016
1933,0.0459026
1934,0.0459043
1935,0.0459186
1936,0.0459186
1937,0.0459269
1938,0.0459352
1939,0.0459469
1940,0.0459572
1941,0.045968
1942,0.0459744
1943,0.0459776
1944,0.0459787
1945,0.046022
1946,0.0460251
1947,0.0460296
1948,0.0460332
1949,0.0460333
1950,0.0460388
1951,0.0460473
1952,0.0460477
1953,0.0460499
1954,0.0460642
1955,0.0460738
1956,0.046087
1957,0.0460984
1958,0.0461019
1959,0.0461045
1960,0.0461056
1961,0.0461113
1962,0.0461194
1963,0.046121
1964,0.0461292
1965,0.0461384
1966,0.0461428
1967,0.0461432
1968,0.0461524
1969,0.0461527
1970,0.0461549
1971,0.0461613
1972,0.0461637
1973,0.046169
1974,0.0461777
1975,0.0461789
1976,0.0461807
1977,0.0461848
1978,0.0461989
1979,0.0462038
1980,0.0462123
1981,0.046214
1982,0.0462143
1983,0.0462208
1984,0.046224
1985,0.046224
1986,0.0462442
1987,0.0462451
1988,0.0462588
1989,0.0462636
1990,0.0462651
1991,0.0462659
1992,0.0462675
1993,0.0462706
1994,0.0463015
1995,0.0463047
1996,0.0463054
1997,0.0463133
1998,0.0463156
1999,0.0463326
2000,0.0463338
2001,0.0463342
2002,0.0463354
2003,0.0463416
2004,0.0463503
2005,0.046354
2006,0.0463571
2007,0.0463578
2008,0.0463633
2009,0.0463769
2010,0.0464023
2011,0.0464023
2012,0.0464104
2013,0.0464145
2014,0.0464196
2015,0.0464244
2016,0.0464304
2017,0.0464404
2018,0.0464429
2019,0.0464452
2020,0.0464461
2021,0.0464491
2022,0.0464499
2023,0.046451
2024,0.0464535
2025,0.0464549
2026,0.0464631
2027,0.046468
2028,0.0464736
2029,0.0464982
2030,0.0464994
2031,0.0465109
2032,0.0465424
2033,0.0465426
2034,0.0465501
2035,0.04656
2036,0.0465623
2037,0.0465717
2038,0.046578
2039,0.0465796
2040,0.0466033
2041,0.0466034
2042,0.0466077
2043,0.0466138
2044,0.046617
2045,0.0466213
2046,0.0466314
2047,0.0466318
2048,0.0466323
2049,0.0466358
2050,0.046639
2051,0.0466491
2052,0.0466553
2053,0.0466623
2054,0.0466635
2055,0.0466702
2056,0.0466792
2057,0.0466805
2058,0.0466899
2059,0.0466903
2060,0.0466914
2061,0.0466985
2062,0.0467061
2063,0.0467198
2064,0.0467237
2065,0.0467447
2066,0.046748
2067,0.0467536
2068,0.0467766
2069,0.0467807
2070,0.0467909
2071,0.046809
2072,0.0468617
2073,0.0468623
2074,0.0468628
2075,0.0468651
2076,0.0468759
2077,0.0468774
2078,0.0468956
2079,0.0469032
2080,0.0469161
2081,0.0469205
2082,0.0469215
2083,0.0469222
2084,0.0469389
2085,0.0469418
2086,0.046942
2087,0.0469492
2088,0.0469637
2089,0.0469709
2090,0.0469721
2091,0.0469771
2092,0.0469873
2093,0.0469967
2094,0.047007
2095,0.0470176
2096,0.0470406
2097,0.0470525
2098,0.0470576
2099,0.0470644
2100,0.0470714
2101,0.0470894
2102,0.0470976
2103,0.0470996
2104,0.0471045
2105,0.0471094
2106,0.0471143
2107,0.0471166
2108,0.0471261
2109,0.047129
2110,0.0471322
2111,0.0471324
2112,0.0471378
2113,0.047144
2114,0.047146
2115,0.0471486
2116,0.0471564
2117,0.0471645
2118,0.0471655
2119,0.0471774
2120,0.0471791
2121,0.0471933
2122,0.0472176
2123,0.0472394
2124,0.0472458
2125,0.0472509
2126,0.0472526
2127,0.0472545
2128,0.0472602
2129,0.0472684
2130,0.047271
2131,0.0472963
2132,0.0472997
2133,0.0473039
2134,0.0473158
2135,0.0473186
2136,0.0473333
2137,0.0473369
2138,0.0473645
2139,0.0473659
2140,0.0473812
2141,0.0473837
2142,0.0473855
2143,0.0473954
2144,0.0474004
2145,0.0474065
2146,0.0474129
2147,0.0474282
2148,0.0474307
2149,0.0474335
2150,0.0474359
2151,0.0474415
2152,0.0474761
2153,0.0474841
2154,0.0474873
2155,0.0474881
2156,0.0475245
2157,0.0475267
2158,0.0475311
2159,0.0475442
2160,0.047546
2161,0.0475751
2162,0.0475769
2163,0.0475785
2164,0.0475801
2165,0.0475905
2166,0.0476026
2167,0.0476119
2168,0.0476298
2169,0.0476564
2170,0.0476596
2171,0.0476664
2172,0.0476744
2173,0.0476752
2174,0.0476764
2175,0.0476772
2176,0.047683
2177,0.0476893
2178,0.0476912
2179,0.0477017
2180,0.0477051
2181,0.0477119
2182,0.0477121
2183,0.0477173
2184,0.0477177
2185,0.0477195
2186,0.0477266
2187,0.0477286
2188,0.0477507
2189,0.0477699
2190,0.0477835
2191,0.0477981
2192,0.0478085
2193,0.0478093
2194,0.0478096
2195,0.0478156
2196,0.0478203
2197,0.0478285
2198,0.0478798
2199,0.0478822
2200,0.0478846
2201,0.0478897
2202,0.0478926
2203,0.0478964
2204,0.047904
2205,0.0479116
2206,0.047912
2207,0.0479138
2208,0.0479185
2209,0.0479229
2210,0.0479281
2211,0.0479315
2212,0.0479393
2213,0.0479454
2214,0.0479467
2215,0.047989
2216,0.0480094
2217,0.0480317
2218,0.0480361
2219,0.0480411
2220,0.0480711
2221,0.0480726
2222,0.0480803
2223,0.0480864
2224,0.0480896
2225,0.048104
2226,0.0481076
2227,0.0481131
2228,0.0481275
2229,0.0481312
2230,0.0481318
2231,0.0481396
2232,0.0481475
2233,0.0481642
2234,0.0481655
2235,0.048172
2236,0.0481745
2237,0.0481869
2238,0.0481953
2239,0.0481984
2240,0.0482036
2241,0.0482201
2242,0.048225
2243,0.0482256
2244,0.0482332
2245,0.0482358
2246,0.0482385
2247,0.0482475
2248,0.0482575
2249,0.0482776
2250,0.0482893
2251,0.0482905
2252,0.0482923
2253,0.0482999
2254,0.048325
2255,0.0483342
2256,0.0483404
2257,0.0483413
2258,0.0483471
2259,0.0483647
2260,0.0483651
2261,0.0483789
2262,0.0483796
2263,0.0484057
2264,0.0484085
2265,0.0484166
2266,0.0484175
2267,0.0484299
2268,0.0484414
2269,0.0484474
2270,0.0484597
2271,0.0484628
2272,0.0484665
2273,0.0484696
2274,0.0484701
2275,0.0484775
2276,0.0484801
2277,0.0484826
2278,0.0484915
2279,0.0484987
2280,0.0485042
2281,0.0485178
2282,0.0485201
2283,0.048529
2284,0.0485334
2285,0.048536
2286,0.0485477
2287,0.0485854
2288,0.0485877
2289,0.0485882
2290,0.0485999
2291,0.0486031
2292,0.0486131
2293,0.0486346
2294,0.0486453
2295,0.0486518
2296,0.0486686
2297,0.0486703
2298,0.0486708
2299,0.0486724
2300,0.0486758
2301,0.0487038
2302,0.0487092
2303,0.0487134
2304,0.0487214
2305,0.0487223
2306,0.0487232
2307,0.0487633
2308,0.0487706
2309,0.048788
2310,0.0488083
2311,0.0488178
2312,0.0488186
2313,0.0488253
2314,0.0488264
2315,0.0488295
2316,0.0488444
2317,0.048846
2318,0.0488473
2319,0.0488601
2320,0.0488654
2321,0.0488654
2322,0.0488664
2323,0.0488672
2324,0.0488804
2325,0.0488957
2326,0.0489057
2327,0.0489088
2328,0.0489149
2329,0.0489169
2330,0.0489185
2331,0.0489305
2332,0.0489371
2333,0.0489386
2334,0.0489459
2335,0.0489604
2336,0.0489834
2337,0.0489907
2338,0.0489958
2339,0.049004
2340,0.0490041
2341,0.0490066
2342,0.0490082
2343,0.0490242
2344,0.0490379
2345,0.0490553
2346,0.0490566
2347,0.0490626
2348,0.0490731
2349,0.0490748
2350,0.0490846
2351,0.0491179
2352,0.049127
2353,0.0491362
2354,0.0491544
2355,0.0491547
2356,0.0491572
2357,0.0491577
2358,0.0491655
2359,0.049183
2360,0.0491886
2361,0.049194
2362,0.0492059
2363,0.0492169
2364,0.0492183
2365,0.0492424
2366,0.0492425
2367,0.0492501
2368,0.0492533
2369,0.0492705
2370,0.0492774
2371,0.0492866
2372,0.0492956
2373,0.0493034
2374,0.0493065
2375,0.0493168
2376,0.0493238
2377,0.0493245
2378,0.0493507
2379,0.0493516
2380,0.0493573
2381,0.0493588
2382,0.0493772
2383,0.04938
2384,0.0493838
2385,0.0494152
2386,0.0494279
2387,0.0494304
2388,0.0494386
2389,0.0494432
2390,0.0494498
2391,0.0494499
2392,0.0494504
2393,0.0494527
2394,0.0494641
2395,0.0494877
2396,0.0494885
2397,0.0494914
2398,0.0494956
2399,0.0494957
2400,0.0495271
2401,0.0495539
2402,0.0495619
2403,0.049569
2404,0.0495961
2405,0.0496012
2406,0.0496129
2407,0.049639
2408,0.0496395
2409,0.0496579
2410,0.0496604
2411,0.0496834
2412,0.0496846
2413,0.0496875
2414,0.0496925
2415,0.0496956
2416,0.0497039
2417,0.0497097
2418,0.0497097
2419,0.049714
2420,0.0497156
2421,0.0497213
2422,0.0497229
2423,0.0497279
2424,0.0497324
2425,0.0497511
2426,0.0497522
2427,0.049765
2428,0.0497783
2429,0.0497801
2430,0.0497907
2431,0.0497922
2432,0.0497988
2433,0.0498454
2434,0.0498476
2435,0.049873
2436,0.049887
2437,0.0498935
2438,0.0498957
2439,0.0499064
2440,0.049907
2441,0.0499269
2442,0.0499391
2443,0.0499478
2444,0.049953
2445,0.0499617
2446,0.0499666
2447,0.0499818
2448,0.0499942
2449,0.0500233
2450,0.0500442
2451,0.0500582
2452,0.0500679
2453,0.0500834
2454,0.050089
2455,0.0500894
2456,0.0500937
2457,0.0500959
2458,0.0501163
2459,0.0501186
2460,0.0501205
2461,0.0501264
2462,0.0501416
2463,0.0501596
2464,0.0501599
2465,0.0501629
2466,0.0501734
2467,0.0501905
2468,0.050192
2469,0.050205
2470,0.0502183
2471,0.050219
2472,0.0502273
2473,0.0502587
2474,0.0502749
2475,0.0502833
2476,0.0502978
2477,0.0503175
2478,0.0503336
2479,0.0503408
2480,0.0503465
2481,0.0503542
2482,0.0503646
2483,0.0503652
2484,0.0503657
2485,0.0503765
2486,0.0503927
2487,0.0504065
2488,0.0504224
2489,0.0504258
2490,0.0504444
2491,0.0504538
2492,0.0504551
2493,0.0504721
2494,0.0504731
2495,0.0504751
2496,0.0504779
2497,0.050492
2498,0.0504963
2499,0.0505027
2500,0.0505192
2501,0.0506018
2502,0.0506194
2503,0.0506215
2504,0.0506336
2505,0.0506365
2506,0.0506417
2507,0.0506661
2508,0.0506738
2509,0.0506911
2510,0.050702
2511,0.050714
2512,0.050716
2513,0.050752
2514,0.0507541
2515,0.0507606
2516,0.0507688
2517,0.0507708
2518,0.0508032
2519,0.0508212
2520,0.0508434
2521,0.0508506
2522,0.0508573
2523,0.0508603
2524,0.0508617
2525,0.0508658
2526,0.0508713
2527,0.0508759
2528,0.0508769
2529,0.0508887
2530,0.0508962
2531,0.0509848
2532,0.0509903
2533,0.0509918
2534,0.0510097
2535,0.0510168
2536,0.0510186
2537,0.0510593
2538,0.0510613
2539,0.0510781
2540,0.0510808
2541,0.0510965
2542,0.0511201
2543,0.051132
2544,0.0511322
2545,0.0511369
2546,0.0511394
2547,0.051173
2548,0.0511849
2549,0.0511872
2550,0.0511891
2551,0.051217
2552,0.0512206
2553,0.0512219
2554,0.0512504
2555,0.0512577
2556,0.0512601
2557,0.0513067
2558,0.0513151
2559,0.0513194
2560,0.051332
2561,0.0513638
2562,0.0513812
2563,0.0513992
2564,0.0514139
2565,0.0514271
2566,0.0514536
2567,0.0514661
2568,0.0514957
2569,0.0514962
2570,0.0515158
2571,0.0515679
2572,0.051575
2573,0.0515757
2574,0.0515931
2575,0.0515969
2576,0.0516168
2577,0.0516183
2578,0.0516393
2579,0.0516512
2580,0.0516645
2581,0.0516943
2582,0.0516959
2583,0.0516973
2584,0.0517056
2585,0.0517201
2586,0.0517229
2587,0.0517354
2588,0.0517395
2589,0.0517411
2590,0.0517424
2591,0.0517587
2592,0.0517815
2593,0.0517936
2594,0.0518123
2595,0.0518539
2596,0.0518847
2597,0.0519027
2598,0.0519462
2599,0.0519469
2600,0.0519527
2601,0.0519565
2602,0.0519639
2603,0.0519709
2604,0.0520028
2605,0.0520456
2606,0.0520859
2607,0.0520867
2608,0.0521067
2609,0.0521113
2610,0.0521289
2611,0.0521577
2612,0.0521729
2613,0.0521734
2614,0.0522007
2615,0.0522202
2616,0.0522349
2617,0.0522459
2618,0.0522523
2619,0.0522708
2620,0.0522843
2621,0.0522902
2622,0.0522937
2623,0.0523334
2624,0.052351
2625,0.0523814
2626,0.0523898
2627,0.0524052
2628,0.0524135
2629,0.0524136
2630,0.052419
2631,0.0524428
2632,0.0524478
2633,0.052459
2634,0.0524836
2635,0.0524836
2636,0.0524864
2637,0.0524955
2638,0.0525267
2639,0.0525415
2640,0.0525625
2641,0.0525676
2642,0.0525873
2643,0.052602
2644,0.0526139
2645,0.0526161
2646,0.0526162
2647,0.052622
2648,0.0526318
2649,0.0526396
2650,0.052642
2651,0.0526463
2652,0.0526753
2653,0.0526765
2654,0.0526783
2655,0.0527276
2656,0.0527378
2657,0.0527429
2658,0.0527525
2659,0.052757
2660,0.0527601
2661,0.0527621
2662,0.0527658
2663,0.0527745
2664,0.0527783
2665,0.0527898
2666,0.0527947
2667,0.0528056
2668,0.052819
2669,0.0528255
2670,0.0528339
2671,0.0528758
2672,0.0528885
2673,0.0528887
2674,0.0529047
2675,0.0529128
2676,0.0529226
2677,0.052927
2678,0.0529294
2679,0.0529374
2680,0.0529405
2681,0.0529525
2682,0.0529691
2683,0.0530005
2684,0.0530019
2685,0.0530186
2686,0.0530565
2687,0.0530597
2688,0.0530979
2689,0.0531243
2690,0.0531428
2691,0.053143
2692,0.0531447
2693,0.0531544
2694,0.053165
2695,0.0531768
2696,0.0531897
2697,0.053201
2698,0.0532013
2699,0.0532177
2700,0.0532579
2701,0.0532583
2702,0.0532641
2703,0.0532646
2704,0.0532673
2705,0.0532746
2706,0.0532945
2707,0.0533027
2708,0.0533029
2709,0.0533073
2710,0.0533452
2711,0.0533729
2712,0.0533738
2713,0.0533906
2714,0.0533907
2715,0.0533915
2716,0.0534142
2717,0.0534321
2718,0.0534697
2719,0.0534983
2720,0.0535055
2721,0.0535234
2722,0.0535469
2723,0.0535721
2724,0.0535824
2725,0.0535869
2726,0.053612
2727,0.0536143
2728,0.0536268
2729,0.0536797
2730,0.0537128
2731,0.0537739
2732,0.0537795
2733,0.0537901
2734,0.0537941
2735,0.0538141
2736,0.0538286
2737,0.0538362
2738,0.0538378
2739,0.0538499
2740,0.053867
2741,0.0538733
2742,0.0538795
2743,0.0538818
2744,0.0538962
2745,0.0539554
2746,0.053968
2747,0.0539705
2748,0.0539844
2749,0.0540134
2750,0.0540165
2751,0.0540173
2752,0.0540353
2753,0.0540711
2754,0.0540823
2755,0.0540849
2756,0.0540904
2757,0.054102
2758,0.0541045
2759,0.0541135
2760,0.0541163
2761,0.0541216
2762,0.0541223
2763,0.0541293
2764,0.0541356
2765,0.0541493
2766,0.0541687
2767,0.0541703
2768,0.0541797
2769,0.0541955
2770,0.0542042
2771,0.0542113
2772,0.054213
2773,0.0542133
2774,0.0542169
2775,0.0542376
2776,0.054247
2777,0.0542487
2778,0.0542788
2779,0.0543005
2780,0.0543031
2781,0.0543153
2782,0.0543213
2783,0.054349
2784,0.0543964
2785,0.0544234
2786,0.0544367
2787,0.0544609
2788,0.0544815
2789,0.0544997
2790,0.0545008
2791,0.054502
2792,0.0545146
2793,0.0545165
2794,0.0545204
2795,0.054548
2796,0.0545554
2797,0.0545558
2798,0.0545829
2799,0.0546101
2800,0.0546164
2801,0.0546357
2802,0.054658
2803,0.0546728
2804,0.0546851
2805,0.0546884
2806,0.0547132
2807,0.0547151
2808,0.0547154
2809,0.054754
2810,0.0547628
2811,0.0547641
2812,0.0547792
2813,0.0547825
2814,0.0547839
2815,0.0548069
2816,0.0548127
2817,0.0548247
2818,0.0548251
2819,0.0548561
2820,0.0548685
2821,0.0548736
2822,0.0549103
2823,0.0549381
2824,0.0549443
2825,0.0549487
2826,0.054953
2827,0.054977
2828,0.0549889
2829,0.0549982
2830,0.0550018
2831,0.0550079
2832,0.055013
2833,0.0550359
2834,0.0550459
2835,0.0550475
2836,0.0550557
2837,0.0550606
2838,0.0550754
2839,0.0550948
2840,0.0551005
2841,0.0551075
2842,0.0551092
2843,0.0551129
2844,0.055113
2845,0.0551204
2846,0.055125
2847,0.0551899
2848,0.0551977
2849,0.0552017
2850,0.0552096
2851,0.0552259
2852,0.0552391
2853,0.0552396
2854,0.0552436
2855,0.0552765
2856,0.0552785
2857,0.0552889
2858,0.0553031
2859,0.0553108
2860,0.0553443
2861,0.0553476
2862,0.0553565
2863,0.0553633
2864,0.0553667
2865,0.0553705
2866,0.0553849
2867,0.0553852
2868,0.0553867
2869,0.0554189
2870,0.0554568
2871,0.0554759
2872,0.0554901
2873,0.0554981
2874,0.0555111
2875,0.0555148
2876,0.0555253
2877,0.0555292
2878,0.0555366
2879,0.0555439
2880,0.0555483
2881,0.0555592
2882,0.0555685
2883,0.0555734
2884,0.0555843
2885,0.0555927
2886,0.0555982
2887,0.0556142
2888,0.0556316
2889,0.0556452
2890,0.0556625
2891,0.0556897
2892,0.0556959
2893,0.0557144
2894,0.0557147
2895,0.0557165
2896,0.0557179
2897,0.0557804
2898,0.0557872
2899,0.0557982
2900,0.0558192
2901,0.0558426
2902,0.0558514
2903,0.0558518
2904,0.0558551
2905,0.055863
2906,0.0558675
2907,0.0558745
2908,0.0558771
2909,0.0558849
2910,0.0559029
2911,0.0559062
2912,0.0559151
2913,0.0559234
2914,0.0559243
2915,0.0559654
2916,0.0559723
2917,0.055976
2918,0.0560081
2919,0.0560088
2920,0.0560142
2921,0.056049
2922,0.0560495
2923,0.0560642
2924,0.0560726
2925,0.0560875
2926,0.0560905
2927,0.0561053
2928,0.0561162
2929,0.0561412
2930,0.0561562
2931,0.0561701
2932,0.0562126
2933,0.0562553
2934,0.0562557
2935,0.056276
2936,0.0562781
2937,0.0562829
2938,0.0562887
2939,0.0562968
2940,0.0563012
2941,0.0563066
2942,0.0563433
2943,0.0563516
2944,0.0563537
2945,0.0563552
2946,0.0563789
2947,0.0563838
2948,0.0563842
2949,0.0563873
2950,0.0563921
2951,0.0563932
2952,0.0563965
2953,0.0564096
2954,0.0564118
2955,0.0564367
2956,0.0564457
2957,0.0564473
2958,0.0565063
2959,0.0565079
2960,0.0565089
2961,0.0565292
2962,0.0565496
2963,0.0565526
2964,0.0565527
2965,0.0565741
2966,0.0566045
2967,0.0566078
2968,0.0566284
2969,0.0566442
2970,0.0566503
2971,0.0566558
2972,0.0566738
2973,0.0567001
2974,0.056705
2975,0.0567063
2976,0.0567072
2977,0.0567072
2978,0.05671
2979,0.0567148
2980,0.056722
2981,0.0567449
2982,0.0567534
2983,0.0567544
2984,0.0567556
2985,0.0567609
2986,0.0567613
2987,0.0567668
2988,0.0567685
2989,0.0567791
2990,0.0567878
2991,0.0567908
2992,0.0568234
2993,0.0568389
2994,0.0568504
2995,0.0568583
2996,0.0568661
2997,0.056874
2998,0.0568832
2999,0.0569154
3000,0.0569223
3001,0.0569242
3002,0.0569321
3003,0.0569377
3004,0.0569397
3005,0.056955
3006,0.0569701
3007,0.0569774
3008,0.0569832
3009,0.0569862
3010,0.0569876
3011,0.0569911
3012,0.0569956
3013,0.0569979
3014,0.057024
3015,0.0570392
3016,0.0570404
3017,0.0570521
3018,0.0570527
3019,0.0570611
3020,0.0570635
3021,0.0570745
3022,0.0570804
3023,0.0571144
3024,0.0571192
3025,0.0571308
3026,0.0571351
3027,0.0571364
3028,0.0571472
3029,0.0571576
3030,0.0571723
3031,0.0571809
3032,0.0571857
3033,0.0571909
3034,0.0571914
3035,0.0572548
3036,0.0572617
3037,0.0572658
3038,0.0572666
3039,0.0572714
3040,0.0572759
3041,0.0572789
3042,0.0572884
3043,0.0573053
3044,0.0573084
3045,0.0573169
3046,0.0573296
3047,0.0573609
3048,0.0573884
3049,0.0574039
3050,0.0574144
3051,0.0574157
3052,0.0574209
3053,0.0574252
3054,0.057429
3055,0.0574341
3056,0.0574426
3057,0.0574517
3058,0.0574598
3059,0.0574719
3060,0.0574788
3061,0.0575083
3062,0.0575246
3063,0.0575309
3064,0.0575447
3065,0.0575448
3066,0.0575483
3067,0.0575539
3068,0.0575544
3069,0.0575705
3070,0.0575801
3071,0.0576889
3072,0.0576893
3073,0.0577188
3074,0.0577771
3075,0.0577936
3076,0.0578452
3077,0.0578535
3078,0.0579065
3079,0.0579122
3080,0.0579128
3081,0.0579434
3082,0.0579737
3083,0.0579778
3084,0.0579906
3085,0.0580029
3086,0.0580155
3087,0.0580267
3088,0.0580318
3089,0.0580327
3090,0.0580355
3091,0.0580493
3092,0.0580544
3093,0.0580661
3094,0.0580862
3095,0.0581046
3096,0.0581479
3097,0.0581568
3098,0.0581634
3099,0.0581649
3100,0.0581925
3101,0.0582034
3102,0.0582183
3103,0.0582406
3104,0.058241
3105,0.0582745
3106,0.0582753
3107,0.0582806
3108,0.0582834
3109,0.0583003
3110,0.0583038
3111,0.0583135
3112,0.0583299
3113,0.0583341
3114,0.0583351
3115,0.0583475
3116,0.0583492
3117,0.0583751
3118,0.058378
3119,0.0583804
3120,0.0583941
3121,0.0583956
3122,0.0584018
3123,0.0584027
3124,0.0584125
3125,0.0584141
3126,0.058422
3127,0.058428
3128,0.058451
3129,0.058459
3130,0.0584647
3131,0.0584735
3132,0.0584759
3133,0.0585321
3134,0.0585431
3135,0.0585481
3136,0.0585501
3137,0.0585599
3138,0.0585636
3139,0.0585676
3140,0.0585705
3141,0.0585786
3142,0.0585939
3143,0.0585949
3144,0.0585967
3145,0.0586282
3146,0.0586288
3147,0.0586496
3148,0.0586731
3149,0.0586741
3150,0.0587687
3151,0.0587816
3152,0.0587955
3153,0.058804
3154,0.05881
3155,0.0588318
3156,0.0588354
3157,0.0588433
3158,0.0588484
3159,0.0588575
3160,0.058868
3161,0.0588726
3162,0.0588738
3163,0.0588768
3164,0.0588795
3165,0.0589043
3166,0.0589582
3167,0.0590278
3168,0.0590575
3169,0.0590738
3170,0.0590778
3171,0.0590885
3172,0.059101
3173,0.0591253
3174,0.0591466
3175,0.0591475
3176,0.059161
3177,0.0591628
3178,0.0591635
3179,0.0591987
3180,0.0592413
3181,0.0592468
3182,0.0592548
3183,0.059269
3184,0.0592789
3185,0.0593075
3186,0.0593406
3187,0.0593534
3188,0.0593543
3189,0.0593632
3190,0.0593664
3191,0.0593721
3192,0.0593773
3193,0.0593902
3194,0.0593925
3195,0.0594202
3196,0.0594244
3197,0.0594283
3198,0.0594287
3199,0.0594353
3200,0.0594359
3201,0.0595183
3202,0.0595231
3203,0.0595513
3204,0.0595882
3205,0.0595945
3206,0.0596024
3207,0.0596114
3208,0.0596176
3209,0.0596449
3210,0.0596513
3211,0.0596608
3212,0.0596926
3213,0.0596932
3214,0.0597033
3215,0.0597084
3216,0.0597111
3217,0.0597114
3218,0.0597117
3219,0.0597182
3220,0.0597288
3221,0.0597443
3222,0.0598116
3223,0.0598288
3224,0.0598447
3225,0.059863
3226,0.0598826
3227,0.0598871
3228,0.0598941
3229,0.0599087
3230,0.059918
3231,0.0599262
3232,0.0599402
3233,0.0599654
3234,0.0599682
3235,0.0599692
3236,0.0599891
3237,0.0600139
3238,0.0600199
3239,0.0600392
3240,0.0600435
3241,0.0600503
3242,0.0601534
3243,0.0601548
3244,0.0601584
3245,0.0601716
3246,0.0602117
3247,0.0602119
3248,0.0602319
3249,0.0602328
3250,0.0602369
3251,0.0602752
3252,0.0602784
3253,0.0602862
3254,0.0602869
3255,0.0602886
3256,0.0603035
3257,0.0603348
3258,0.060344
3259,0.0603888
3260,0.0604729
3261,0.0604847
3262,0.0605501
3263,0.0606079
3264,0.0606282
3265,0.0606292
3266,0.0606651
3267,0.0606751
3268,0.0606757
3269,0.060718
3270,0.0608135
3271,0.0608146
3272,0.060824
3273,0.0608477
3274,0.0608656
3275,0.0608725
3276,0.0608727
3277,0.0609457
3278,0.0609683
3279,0.0609988
3280,0.0610071
3281,0.0610379
3282,0.0610561
3283,0.0610704
3284,0.0610835
3285,0.0611106
3286,0.0611663
3287,0.0611736
3288,0.0611857
3289,0.0611968
3290,0.0612089
3291,0.0612342
3292,0.0612401
3293,0.0612461
3294,0.0612763
3295,0.0613106
3296,0.0613233
3297,0.0613356
3298,0.0613702
3299,0.0613974
3300,0.0613988
3301,0.0614074
3302,0.0614298
3303,0.0614377
3304,0.0614402
3305,0.0614477
3306,0.0614733
3307,0.0614758
3308,0.0614857
3309,0.0615078
3310,0.0615107
3311,0.0615421
3312,0.0615928
3313,0.0615994
3314,0.061607
3315,0.0616501
3316,0.0616552
3317,0.0616764
3318,0.0616996
3319,0.0617056
3320,0.0617097
3321,0.0617259
3322,0.0617434
3323,0.061786
3324,0.0618347
3325,0.0618932
3326,0.0620794
3327,0.0621246
3328,0.0621462
3329,0.0621526
3330,0.0621708
3331,0.0621798
3332,0.0622167
3333,0.0622493
3334,0.0622524
3335,0.062294
3336,0.0622961
3337,0.0623087
3338,0.0623164
3339,0.0623923
3340,0.0624426
3341,0.0624438
3342,0.0625304
3343,0.0625312
3344,0.0625862
3345,0.0626059
3346,0.0626174
3347,0.0626573
3348,0.0627083
3349,0.0627275
3350,0.0627553
3351,0.0627789
3352,0.062817
3353,0.0628211
3354,0.0628326
3355,0.0629259
3356,0.0629276
3357,0.0629492
3358,0.0629532
3359,0.062963
3360,0.0629861
3361,0.0629929
3362,0.0630029
3363,0.0630882
3364,0.0631584
3365,0.0631817
3366,0.0631885
3367,0.0631921
3368,0.0631935
3369,0.0632067
3370,0.0632687
3371,0.0632768
3372,0.0634027
3373,0.0635542
3374,0.0635676
3375,0.0636172
3376,0.0636747
3377,0.0637018
3378,0.0637354
3379,0.0637639
3380,0.0637932
3381,0.06384
3382,0.063859
3383,0.0638668
3384,0.0638722
3385,0.0638946
3386,0.0639169
3387,0.0639329
3388,0.0639533
3389,0.0639766
3390,0.063992
3391,0.0640007
3392,0.0640097
3393,0.0640291
3394,0.064074
3395,0.0641398
3396,0.064145
3397,0.0641466
3398,0.0641577
3399,0.0641802
3400,0.0641824
3401,0.0642047
3402,0.0642735
3403,0.0642928
3404,0.0642966
3405,0.0643648
3406,0.0643701
3407,0.0644397
3408,0.0645434
3409,0.0645782
3410,0.064588
3411,0.064777
3412,0.0647783
3413,0.0648012
3414,0.0648957
3415,0.0649459
3416,0.0649641
3417,0.0649938
3418,0.0650358
3419,0.0650385
3420,0.0650539
3421,0.0650696
3422,0.0651246
3423,0.0651451
3424,0.065153
3425,0.0651546
3426,0.0652266
3427,0.0652446
3428,0.0652511
3429,0.0653115
3430,0.0654243
3431,0.0654644
3432,0.0654824
3433,0.0654864
3434,0.0655074
3435,0.0655104
3436,0.0656132
3437,0.0656304
3438,0.0656422
3439,0.0657615
3440,0.0657993
3441,0.0658512
3442,0.0659073
3443,0.0659124
3444,0.0659417
3445,0.065957
3446,0.0659579
3447,0.0659788
3448,0.0659872
3449,0.066006
3450,0.0661547
3451,0.0661638
3452,0.0661689
3453,0.0661818
3454,0.0662506
3455,0.0662635
3456,0.0662774
3457,0.0662861
3458,0.0663602
3459,0.0663906
3460,0.0663946
3461,0.0664207
3462,0.0664285
3463,0.0664589
3464,0.0664871
3465,0.0665002
3466,0.0665223
3467,0.066545
3468,0.0665492
3469,0.0665499
3470,0.0665757
3471,0.0666924
3472,0.0666938
3473,0.0667835
3474,0.066888
3475,0.0669168
3476,0.0669351
3477,0.0669662
3478,0.0670639
3479,0.0670843
3480,0.0671527
3481,0.0671554
3482,0.0672392
3483,0.0672992
3484,0.0675166
3485,0.0675228
3486,0.0675997
3487,0.0676476
3488,0.0676504
3489,0.0676996
3490,0.0677179
3491,0.0677452
3492,0.0677718
3493,0.067843
3494,0.0679451
3495,0.0680324
3496,0.0680959
3497,0.0681678
3498,0.0681686
3499,0.0681995
3500,0.068264
3501,0.0683173
3502,0.0684408
3503,0.0684467
3504,0.0685035
3505,0.0685083
3506,0.0685145
3507,0.0685155
3508,0.0685986
3509,0.068621
3510,0.0686407
3511,0.0687973
3512,0.0688461
3513,0.0688494
3514,0.0688562
3515,0.0688719
3516,0.0688989
3517,0.0689467
3518,0.069024
3519,0.069024
3520,0.0691547
3521,0.0691986
3522,0.0692416
3523,0.0693735
3524,0.0694238
3525,0.0694565
3526,0.0694749
3527,0.0697973
3528,0.0698153
3529,0.0698817
3530,0.0699768
3531,0.069982
3532,0.0701785
3533,0.0703309
3534,0.070485
3535,0.0705028
3536,0.070511
3537,0.0706942
3538,0.0707437
3539,0.0708606
3540,0.0709007
3541,0.0709505
3542,0.0709524
3543,0.0710002
3544,0.0710431
3545,0.0711477
3546,0.0711627
3547,0.071197
3548,0.0712426
3549,0.0712568
3550,0.0712884
3551,0.0713471
3552,0.0714585
3553,0.0714694
3554,0.0715033
3555,0.0716373
3556,0.0716503
3557,0.0716732
3558,0.0716931
3559,0.0717045
3560,0.0718556
3561,0.0721209
3562,0.0721517
3563,0.0721733
3564,0.0722523
3565,0.0723696
3566,0.0725339
3567,0.0726954
3568,0.0728254
3569,0.0728345
3570,0.0728918
3571,0.0730218
3572,0.0732421
3573,0.0734072
3574,0.0734734
3575,0.0736064
3576,0.073611
3577,0.0737032
3578,0.0739479
3579,0.0739733
3580,0.0739975
3581,0.0740196
3582,0.0740909
3583,0.0743398
3584,0.0744633
3585,0.0745663
3586,0.0746428
3587,0.074688
3588,0.0748265
3589,0.0748343
3590,0.0749223
3591,0.0750859
3592,0.0752058
3593,0.0754394
3594,0.0754666
3595,0.0755226
3596,0.0758465
3597,0.0760018
3598,0.076062
3599,0.0761293
3600,0.0763724
3601,0.0764537
3602,0.0766311
3603,0.0766933
3604,0.0769727
3605,0.0770877
3606,0.0772018
3607,0.0772324
3608,0.0772371
3609,0.0774174
3610,0.0776533
3611,0.0778474
3612,0.0778824
3613,0.0779217
3614,0.0779733
3615,0.0780041
3616,0.0781452
3617,0.0786163
3618,0.0787149
3619,0.0791399
3620,0.0791768
3621,0.0791931
3622,0.0793675
3623,0.0793897
3624,0.0795183
3625,0.0795428
3626,0.0795553
3627,0.0796811
3628,0.0797538
3629,0.0799816
3630,0.0800126
3631,0.0800298
3632,0.0801866
3633,0.0802965
3634,0.0808152
3635,0.0810403
3636,0.0812789
3637,0.0814447
3638,0.0818725
3639,0.0821844
3640,0.0826165
3641,0.0828456
3642,0.0828555
3643,0.0828608
3644,0.0830606
3645,0.0832359
3646,0.0834038
3647,0.0837218
3648,0.0842511
3649,0.0844186
3650,0.0847677
3651,0.0849976
3652,0.0850735
3653,0.0853422
3654,0.087107
3655,0.0875831
3656,0.088344
3657,0.0888072
3658,0.0893556
3659,0.0895102
3660,0.0896041
3661,0.0912997
3662,0.0913005
3663,0.091437
3664,0.092182
3665,0.0922309
3666,0.0929657
3667,0.0946418
3668,0.0955861
3669,0.0962803
3670,0.0981218
3671,0.0988689
3672,0.0996592
3673,0.101997
3674,0.102682
3675,0.103129
3676,0.103537
3677,0.105504
3678,0.107444
3679,0.108521
3680,0.114985
3681,0.117907
3682,0.121317
